id,rating_label
1,4.0
2,3.0
3,3.0
4,4.0
5,4.0
6,3.0
7,4.0
8,3.0
9,4.0
10,3.0
11,3.0
12,4.0
13,3.0
14,4.0
15,4.0
16,4.0
17,3.0
18,4.0
19,3.0
20,4.0
21,3.0
22,4.0
23,4.0
24,3.0
25,4.0
26,3.0
27,3.0
28,4.0
29,3.0
30,4.0
31,4.0
32,3.0
33,3.0
34,4.0
35,4.0
36,3.0
37,4.0
38,4.0
39,3.0
40,4.0
41,4.0
42,4.0
43,4.0
44,3.0
45,4.0
46,3.0
47,5.0
48,3.0
49,3.0
50,3.0
51,3.0
52,4.0
53,4.0
54,4.0
55,4.0
56,4.0
57,4.0
58,3.0
59,4.0
60,4.0
61,3.0
62,3.0
63,3.0
64,3.0
65,3.0
66,4.0
67,4.0
68,4.0
69,4.0
70,3.0
71,4.0
72,4.0
73,4.0
74,4.0
75,3.0
76,3.0
77,4.0
78,4.0
79,3.0
80,4.0
81,3.0
82,3.0
83,3.0
84,3.0
85,3.0
86,4.0
87,3.0
88,3.0
89,4.0
90,3.0
91,3.0
92,3.0
93,4.0
94,4.0
95,4.0
96,3.0
97,4.0
98,3.0
99,4.0
100,3.0
101,4.0
102,4.0
103,4.0
104,3.0
105,3.0
106,4.0
107,4.0
108,3.0
109,4.0
110,4.0
111,4.0
112,3.0
113,4.0
114,4.0
115,4.0
116,3.0
117,4.0
118,3.0
119,3.0
120,3.0
121,4.0
122,4.0
123,4.0
124,4.0
125,3.0
126,4.0
127,3.0
128,4.0
129,4.0
130,4.0
131,5.0
132,3.0
133,4.0
134,3.0
135,3.0
136,3.0
137,4.0
138,4.0
139,3.0
140,3.0
141,3.0
142,3.0
143,3.0
144,4.0
145,4.0
146,4.0
147,5.0
148,4.0
149,4.0
150,3.0
151,3.0
152,4.0
153,4.0
154,3.0
155,3.0
156,3.0
157,4.0
158,3.0
159,4.0
160,3.0
161,3.0
162,3.0
163,4.0
164,4.0
165,4.0
166,4.0
167,4.0
168,3.0
169,4.0
170,3.0
171,3.0
172,3.0
173,3.0
174,4.0
175,4.0
176,3.0
177,4.0
178,3.0
179,3.0
180,3.0
181,4.0
182,3.0
183,4.0
184,4.0
185,4.0
186,4.0
187,3.0
188,4.0
189,3.0
190,4.0
191,3.0
192,4.0
193,4.0
194,4.0
195,3.0
196,3.0
197,3.0
198,3.0
199,4.0
200,3.0
201,4.0
202,4.0
203,3.0
204,3.0
205,4.0
206,3.0
207,4.0
208,3.0
209,3.0
210,4.0
211,4.0
212,3.0
213,4.0
214,3.0
215,3.0
216,3.0
217,4.0
218,3.0
219,4.0
220,3.0
221,4.0
222,4.0
223,3.0
224,3.0
225,3.0
226,4.0
227,4.0
228,4.0
229,4.0
230,4.0
231,4.0
232,3.0
233,3.0
234,4.0
235,4.0
236,3.0
237,3.0
238,3.0
239,4.0
240,4.0
241,3.0
242,4.0
243,3.0
244,4.0
245,3.0
246,4.0
247,3.0
248,3.0
249,4.0
250,3.0
251,3.0
252,3.0
253,3.0
254,3.0
255,4.0
256,4.0
257,4.0
258,3.0
259,4.0
260,3.0
261,3.0
262,4.0
263,4.0
264,4.0
265,3.0
266,4.0
267,4.0
268,4.0
269,4.0
270,4.0
271,4.0
272,3.0
273,4.0
274,4.0
275,3.0
276,4.0
277,4.0
278,5.0
279,4.0
280,3.0
281,4.0
282,3.0
283,4.0
284,3.0
285,4.0
286,4.0
287,3.0
288,3.0
289,3.0
290,4.0
291,4.0
292,3.0
293,3.0
294,4.0
295,4.0
296,3.0
297,3.0
298,4.0
299,3.0
300,4.0
301,4.0
302,4.0
303,4.0
304,4.0
305,4.0
306,4.0
307,3.0
308,4.0
309,3.0
310,3.0
311,4.0
312,4.0
313,4.0
314,4.0
315,4.0
316,4.0
317,4.0
318,4.0
319,4.0
320,4.0
321,4.0
322,4.0
323,3.0
324,4.0
325,3.0
326,3.0
327,3.0
328,4.0
329,3.0
330,3.0
331,3.0
332,4.0
333,3.0
334,3.0
335,3.0
336,4.0
337,3.0
338,3.0
339,4.0
340,4.0
341,4.0
342,3.0
343,3.0
344,3.0
345,4.0
346,3.0
347,3.0
348,4.0
349,4.0
350,4.0
351,3.0
352,4.0
353,4.0
354,4.0
355,4.0
356,4.0
357,3.0
358,3.0
359,4.0
360,4.0
361,4.0
362,3.0
363,4.0
364,3.0
365,3.0
366,4.0
367,3.0
368,3.0
369,3.0
370,4.0
371,3.0
372,3.0
373,3.0
374,5.0
375,3.0
376,4.0
377,3.0
378,3.0
379,4.0
380,4.0
381,4.0
382,4.0
383,3.0
384,4.0
385,4.0
386,4.0
387,3.0
388,4.0
389,4.0
390,3.0
391,3.0
392,3.0
393,3.0
394,3.0
395,4.0
396,4.0
397,3.0
398,3.0
399,3.0
400,4.0
401,4.0
402,3.0
403,4.0
404,3.0
405,4.0
406,3.0
407,4.0
408,4.0
409,4.0
410,4.0
411,3.0
412,4.0
413,3.0
414,3.0
415,3.0
416,4.0
417,3.0
418,4.0
419,3.0
420,4.0
421,3.0
422,3.0
423,3.0
424,3.0
425,4.0
426,4.0
427,3.0
428,4.0
429,3.0
430,3.0
431,3.0
432,3.0
433,3.0
434,3.0
435,3.0
436,4.0
437,3.0
438,3.0
439,3.0
440,4.0
441,3.0
442,4.0
443,3.0
444,3.0
445,4.0
446,4.0
447,3.0
448,3.0
449,3.0
450,4.0
451,3.0
452,3.0
453,3.0
454,3.0
455,4.0
456,4.0
457,3.0
458,4.0
459,3.0
460,4.0
461,4.0
462,3.0
463,3.0
464,3.0
465,3.0
466,3.0
467,4.0
468,3.0
469,3.0
470,3.0
471,3.0
472,4.0
473,4.0
474,3.0
475,4.0
476,4.0
477,4.0
478,3.0
479,4.0
480,3.0
481,3.0
482,4.0
483,4.0
484,3.0
485,4.0
486,4.0
487,4.0
488,4.0
489,3.0
490,3.0
491,4.0
492,4.0
493,3.0
494,4.0
495,4.0
496,4.0
497,4.0
498,3.0
499,3.0
500,4.0
501,4.0
502,3.0
503,3.0
504,4.0
505,3.0
506,4.0
507,3.0
508,4.0
509,3.0
510,4.0
511,4.0
512,4.0
513,3.0
514,3.0
515,4.0
516,4.0
517,3.0
518,4.0
519,3.0
520,4.0
521,4.0
522,3.0
523,3.0
524,3.0
525,4.0
526,4.0
527,4.0
528,3.0
529,4.0
530,4.0
531,4.0
532,4.0
533,3.0
534,3.0
535,4.0
536,3.0
537,4.0
538,3.0
539,4.0
540,4.0
541,3.0
542,3.0
543,4.0
544,4.0
545,4.0
546,4.0
547,4.0
548,3.0
549,3.0
550,3.0
551,3.0
552,4.0
553,3.0
554,4.0
555,3.0
556,3.0
557,3.0
558,3.0
559,3.0
560,3.0
561,4.0
562,4.0
563,3.0
564,4.0
565,3.0
566,4.0
567,4.0
568,4.0
569,4.0
570,4.0
571,3.0
572,3.0
573,4.0
574,3.0
575,4.0
576,3.0
577,4.0
578,4.0
579,3.0
580,3.0
581,3.0
582,3.0
583,4.0
584,3.0
585,3.0
586,4.0
587,3.0
588,4.0
589,3.0
590,3.0
591,3.0
592,4.0
593,3.0
594,4.0
595,3.0
596,4.0
597,3.0
598,4.0
599,4.0
600,4.0
601,3.0
602,4.0
603,4.0
604,4.0
605,3.0
606,4.0
607,3.0
608,4.0
609,3.0
610,3.0
611,3.0
612,4.0
613,3.0
614,4.0
615,3.0
616,3.0
617,3.0
618,4.0
619,3.0
620,4.0
621,4.0
622,3.0
623,3.0
624,4.0
625,4.0
626,3.0
627,4.0
628,4.0
629,3.0
630,4.0
631,4.0
632,3.0
633,3.0
634,3.0
635,4.0
636,3.0
637,3.0
638,4.0
639,4.0
640,3.0
641,3.0
642,3.0
643,3.0
644,4.0
645,4.0
646,3.0
647,4.0
648,3.0
649,3.0
650,4.0
651,4.0
652,4.0
653,4.0
654,4.0
655,3.0
656,3.0
657,4.0
658,4.0
659,4.0
660,4.0
661,3.0
662,3.0
663,3.0
664,4.0
665,4.0
666,3.0
667,4.0
668,3.0
669,4.0
670,3.0
671,3.0
672,4.0
673,3.0
674,4.0
675,4.0
676,3.0
677,3.0
678,4.0
679,4.0
680,4.0
681,4.0
682,3.0
683,3.0
684,4.0
685,4.0
686,3.0
687,4.0
688,4.0
689,3.0
690,3.0
691,3.0
692,4.0
693,4.0
694,4.0
695,4.0
696,4.0
697,4.0
698,4.0
699,3.0
700,4.0
701,3.0
702,4.0
703,4.0
704,4.0
705,4.0
706,3.0
707,3.0
708,3.0
709,3.0
710,4.0
711,4.0
712,3.0
713,4.0
714,4.0
715,3.0
716,3.0
717,4.0
718,3.0
719,3.0
720,3.0
721,4.0
722,3.0
723,4.0
724,4.0
725,4.0
726,3.0
727,3.0
728,3.0
729,3.0
730,4.0
731,3.0
732,3.0
733,4.0
734,4.0
735,3.0
736,3.0
737,3.0
738,4.0
739,4.0
740,3.0
741,3.0
742,3.0
743,3.0
744,4.0
745,3.0
746,4.0
747,3.0
748,3.0
749,3.0
750,4.0
751,3.0
752,3.0
753,3.0
754,3.0
755,4.0
756,3.0
757,4.0
758,4.0
759,3.0
760,4.0
761,3.0
762,4.0
763,4.0
764,3.0
765,3.0
766,4.0
767,3.0
768,4.0
769,3.0
770,3.0
771,3.0
772,3.0
773,4.0
774,4.0
775,3.0
776,3.0
777,3.0
778,4.0
779,3.0
780,4.0
781,5.0
782,3.0
783,3.0
784,4.0
785,3.0
786,3.0
787,4.0
788,3.0
789,3.0
790,3.0
791,4.0
792,4.0
793,4.0
794,3.0
795,3.0
796,3.0
797,3.0
798,4.0
799,4.0
800,4.0
801,4.0
802,3.0
803,3.0
804,3.0
805,3.0
806,4.0
807,4.0
808,4.0
809,3.0
810,3.0
811,4.0
812,3.0
813,4.0
814,3.0
815,4.0
816,3.0
817,4.0
818,4.0
819,4.0
820,4.0
821,4.0
822,3.0
823,4.0
824,3.0
825,4.0
826,4.0
827,3.0
828,3.0
829,4.0
830,3.0
831,3.0
832,4.0
833,3.0
834,3.0
835,3.0
836,4.0
837,4.0
838,4.0
839,4.0
840,4.0
841,3.0
842,3.0
843,4.0
844,4.0
845,4.0
846,4.0
847,4.0
848,4.0
849,3.0
850,3.0
851,3.0
852,4.0
853,4.0
854,3.0
855,3.0
856,4.0
857,4.0
858,3.0
859,3.0
860,4.0
861,4.0
862,4.0
863,4.0
864,3.0
865,4.0
866,3.0
867,4.0
868,4.0
869,3.0
870,4.0
871,3.0
872,4.0
873,3.0
874,3.0
875,4.0
876,4.0
877,4.0
878,4.0
879,4.0
880,3.0
881,4.0
882,4.0
883,3.0
884,4.0
885,3.0
886,3.0
887,4.0
888,4.0
889,4.0
890,4.0
891,3.0
892,3.0
893,4.0
894,4.0
895,3.0
896,4.0
897,3.0
898,4.0
899,4.0
900,3.0
901,3.0
902,3.0
903,4.0
904,4.0
905,4.0
906,4.0
907,4.0
908,4.0
909,3.0
910,4.0
911,4.0
912,4.0
913,4.0
914,3.0
915,3.0
916,4.0
917,3.0
918,3.0
919,3.0
920,3.0
921,3.0
922,3.0
923,3.0
924,4.0
925,3.0
926,4.0
927,4.0
928,3.0
929,4.0
930,4.0
931,4.0
932,4.0
933,3.0
934,3.0
935,3.0
936,4.0
937,3.0
938,3.0
939,4.0
940,3.0
941,4.0
942,3.0
943,4.0
944,4.0
945,4.0
946,4.0
947,4.0
948,4.0
949,3.0
950,4.0
951,4.0
952,3.0
953,4.0
954,4.0
955,4.0
956,4.0
957,4.0
958,4.0
959,4.0
960,3.0
961,3.0
962,3.0
963,4.0
964,3.0
965,3.0
966,4.0
967,4.0
968,4.0
969,3.0
970,4.0
971,3.0
972,3.0
973,3.0
974,4.0
975,4.0
976,4.0
977,3.0
978,3.0
979,3.0
980,4.0
981,4.0
982,4.0
983,3.0
984,5.0
985,4.0
986,3.0
987,4.0
988,4.0
989,3.0
990,4.0
991,4.0
992,3.0
993,4.0
994,4.0
995,3.0
996,4.0
997,4.0
998,3.0
999,3.0
1000,4.0
1001,4.0
1002,4.0
1003,3.0
1004,4.0
1005,4.0
1006,4.0
1007,3.0
1008,3.0
1009,4.0
1010,4.0
1011,3.0
1012,4.0
1013,4.0
1014,4.0
1015,3.0
1016,4.0
1017,3.0
1018,4.0
1019,3.0
1020,4.0
1021,4.0
1022,4.0
1023,4.0
1024,4.0
1025,4.0
1026,3.0
1027,3.0
1028,4.0
1029,4.0
1030,3.0
1031,4.0
1032,3.0
1033,3.0
1034,4.0
1035,4.0
1036,4.0
1037,4.0
1038,4.0
1039,4.0
1040,4.0
1041,3.0
1042,3.0
1043,4.0
1044,4.0
1045,3.0
1046,3.0
1047,4.0
1048,4.0
1049,4.0
1050,3.0
1051,4.0
1052,3.0
1053,3.0
1054,3.0
1055,4.0
1056,4.0
1057,4.0
1058,3.0
1059,3.0
1060,4.0
1061,4.0
1062,4.0
1063,4.0
1064,3.0
1065,4.0
1066,4.0
1067,3.0
1068,4.0
1069,4.0
1070,4.0
1071,3.0
1072,3.0
1073,3.0
1074,3.0
1075,4.0
1076,3.0
1077,3.0
1078,3.0
1079,3.0
1080,3.0
1081,3.0
1082,4.0
1083,3.0
1084,3.0
1085,4.0
1086,4.0
1087,4.0
1088,4.0
1089,4.0
1090,3.0
1091,4.0
1092,4.0
1093,4.0
1094,3.0
1095,3.0
1096,4.0
1097,4.0
1098,4.0
1099,4.0
1100,4.0
1101,4.0
1102,3.0
1103,3.0
1104,4.0
1105,4.0
1106,3.0
1107,3.0
1108,4.0
1109,3.0
1110,3.0
1111,4.0
1112,3.0
1113,4.0
1114,4.0
1115,3.0
1116,4.0
1117,4.0
1118,3.0
1119,4.0
1120,4.0
1121,3.0
1122,3.0
1123,4.0
1124,4.0
1125,3.0
1126,4.0
1127,3.0
1128,4.0
1129,3.0
1130,4.0
1131,3.0
1132,4.0
1133,4.0
1134,4.0
1135,4.0
1136,3.0
1137,3.0
1138,4.0
1139,4.0
1140,3.0
1141,3.0
1142,3.0
1143,4.0
1144,3.0
1145,3.0
1146,4.0
1147,3.0
1148,3.0
1149,4.0
1150,3.0
1151,4.0
1152,3.0
1153,4.0
1154,3.0
1155,3.0
1156,3.0
1157,4.0
1158,4.0
1159,3.0
1160,3.0
1161,4.0
1162,4.0
1163,4.0
1164,4.0
1165,3.0
1166,3.0
1167,3.0
1168,3.0
1169,4.0
1170,4.0
1171,4.0
1172,4.0
1173,4.0
1174,3.0
1175,4.0
1176,4.0
1177,4.0
1178,3.0
1179,3.0
1180,4.0
1181,4.0
1182,4.0
1183,3.0
1184,4.0
1185,4.0
1186,4.0
1187,3.0
1188,4.0
1189,3.0
1190,4.0
1191,3.0
1192,4.0
1193,4.0
1194,3.0
1195,3.0
1196,3.0
1197,3.0
1198,4.0
1199,4.0
1200,4.0
1201,4.0
1202,3.0
1203,3.0
1204,3.0
1205,4.0
1206,4.0
1207,3.0
1208,4.0
1209,3.0
1210,4.0
1211,4.0
1212,3.0
1213,4.0
1214,3.0
1215,4.0
1216,4.0
1217,4.0
1218,4.0
1219,3.0
1220,4.0
1221,4.0
1222,3.0
1223,4.0
1224,4.0
1225,4.0
1226,4.0
1227,3.0
1228,3.0
1229,3.0
1230,3.0
1231,4.0
1232,4.0
1233,3.0
1234,4.0
1235,3.0
1236,3.0
1237,3.0
1238,4.0
1239,4.0
1240,3.0
1241,4.0
1242,4.0
1243,3.0
1244,4.0
1245,3.0
1246,3.0
1247,4.0
1248,4.0
1249,4.0
1250,3.0
1251,4.0
1252,3.0
1253,4.0
1254,4.0
1255,4.0
1256,4.0
1257,3.0
1258,4.0
1259,3.0
1260,4.0
1261,4.0
1262,4.0
1263,4.0
1264,3.0
1265,3.0
1266,4.0
1267,4.0
1268,3.0
1269,3.0
1270,4.0
1271,4.0
1272,3.0
1273,4.0
1274,4.0
1275,4.0
1276,3.0
1277,4.0
1278,4.0
1279,3.0
1280,4.0
1281,3.0
1282,4.0
1283,4.0
1284,4.0
1285,3.0
1286,3.0
1287,4.0
1288,4.0
1289,3.0
1290,3.0
1291,3.0
1292,4.0
1293,3.0
1294,4.0
1295,3.0
1296,4.0
1297,3.0
1298,4.0
1299,4.0
1300,3.0
1301,4.0
1302,3.0
1303,3.0
1304,3.0
1305,4.0
1306,4.0
1307,3.0
1308,3.0
1309,4.0
1310,4.0
1311,3.0
1312,4.0
1313,3.0
1314,3.0
1315,3.0
1316,3.0
1317,3.0
1318,3.0
1319,3.0
1320,4.0
1321,4.0
1322,4.0
1323,3.0
1324,3.0
1325,3.0
1326,3.0
1327,4.0
1328,3.0
1329,4.0
1330,3.0
1331,4.0
1332,4.0
1333,4.0
1334,3.0
1335,4.0
1336,3.0
1337,4.0
1338,3.0
1339,4.0
1340,4.0
1341,4.0
1342,4.0
1343,4.0
1344,3.0
1345,3.0
1346,4.0
1347,4.0
1348,3.0
1349,3.0
1350,3.0
1351,3.0
1352,3.0
1353,3.0
1354,4.0
1355,4.0
1356,3.0
1357,3.0
1358,3.0
1359,4.0
1360,3.0
1361,3.0
1362,3.0
1363,3.0
1364,4.0
1365,3.0
1366,4.0
1367,4.0
1368,3.0
1369,4.0
1370,4.0
1371,4.0
1372,3.0
1373,4.0
1374,4.0
1375,4.0
1376,4.0
1377,4.0
1378,3.0
1379,3.0
1380,3.0
1381,4.0
1382,4.0
1383,3.0
1384,3.0
1385,4.0
1386,4.0
1387,3.0
1388,4.0
1389,4.0
1390,4.0
1391,3.0
1392,4.0
1393,4.0
1394,4.0
1395,4.0
1396,3.0
1397,4.0
1398,4.0
1399,3.0
1400,5.0
1401,3.0
1402,3.0
1403,4.0
1404,3.0
1405,4.0
1406,3.0
1407,4.0
1408,3.0
1409,3.0
1410,4.0
1411,4.0
1412,3.0
1413,3.0
1414,4.0
1415,3.0
1416,4.0
1417,4.0
1418,3.0
1419,4.0
1420,3.0
1421,3.0
1422,3.0
1423,4.0
1424,4.0
1425,4.0
1426,3.0
1427,4.0
1428,4.0
1429,3.0
1430,3.0
1431,4.0
1432,4.0
1433,4.0
1434,4.0
1435,3.0
1436,3.0
1437,3.0
1438,3.0
1439,3.0
1440,3.0
1441,4.0
1442,3.0
1443,4.0
1444,4.0
1445,3.0
1446,4.0
1447,3.0
1448,3.0
1449,4.0
1450,3.0
1451,4.0
1452,4.0
1453,4.0
1454,4.0
1455,4.0
1456,4.0
1457,4.0
1458,4.0
1459,3.0
1460,4.0
1461,4.0
1462,3.0
1463,3.0
1464,4.0
1465,4.0
1466,4.0
1467,4.0
1468,3.0
1469,3.0
1470,4.0
1471,3.0
1472,4.0
1473,4.0
1474,4.0
1475,4.0
1476,4.0
1477,4.0
1478,4.0
1479,4.0
1480,3.0
1481,4.0
1482,4.0
1483,4.0
1484,3.0
1485,3.0
1486,3.0
1487,4.0
1488,4.0
1489,3.0
1490,4.0
1491,4.0
1492,3.0
1493,4.0
1494,3.0
1495,3.0
1496,3.0
1497,4.0
1498,3.0
1499,3.0
1500,3.0
1501,3.0
1502,4.0
1503,4.0
1504,3.0
1505,4.0
1506,3.0
1507,4.0
1508,3.0
1509,3.0
1510,4.0
1511,3.0
1512,3.0
1513,4.0
1514,3.0
1515,4.0
1516,4.0
1517,3.0
1518,3.0
1519,4.0
1520,3.0
1521,4.0
1522,3.0
1523,4.0
1524,3.0
1525,3.0
1526,3.0
1527,4.0
1528,3.0
1529,3.0
1530,4.0
1531,3.0
1532,4.0
1533,3.0
1534,4.0
1535,4.0
1536,4.0
1537,4.0
1538,4.0
1539,4.0
1540,4.0
1541,4.0
1542,3.0
1543,3.0
1544,3.0
1545,4.0
1546,3.0
1547,3.0
1548,3.0
1549,4.0
1550,3.0
1551,4.0
1552,3.0
1553,3.0
1554,4.0
1555,4.0
1556,4.0
1557,4.0
1558,4.0
1559,4.0
1560,4.0
1561,3.0
1562,3.0
1563,3.0
1564,4.0
1565,4.0
1566,3.0
1567,3.0
1568,4.0
1569,3.0
1570,4.0
1571,4.0
1572,4.0
1573,3.0
1574,4.0
1575,4.0
1576,4.0
1577,3.0
1578,3.0
1579,4.0
1580,3.0
1581,4.0
1582,4.0
1583,4.0
1584,3.0
1585,3.0
1586,4.0
1587,4.0
1588,3.0
1589,3.0
1590,4.0
1591,4.0
1592,4.0
1593,3.0
1594,4.0
1595,4.0
1596,4.0
1597,4.0
1598,3.0
1599,4.0
1600,4.0
1601,3.0
1602,4.0
1603,4.0
1604,3.0
1605,4.0
1606,3.0
1607,4.0
1608,4.0
1609,3.0
1610,4.0
1611,4.0
1612,3.0
1613,3.0
1614,3.0
1615,3.0
1616,4.0
1617,3.0
1618,4.0
1619,4.0
1620,3.0
1621,4.0
1622,4.0
1623,4.0
1624,4.0
1625,4.0
1626,3.0
1627,4.0
1628,3.0
1629,4.0
1630,3.0
1631,3.0
1632,3.0
1633,4.0
1634,3.0
1635,3.0
1636,3.0
1637,3.0
1638,4.0
1639,4.0
1640,4.0
1641,4.0
1642,3.0
1643,3.0
1644,3.0
1645,3.0
1646,4.0
1647,4.0
1648,4.0
1649,4.0
1650,3.0
1651,3.0
1652,4.0
1653,3.0
1654,3.0
1655,3.0
1656,4.0
1657,4.0
1658,3.0
1659,4.0
1660,4.0
1661,3.0
1662,3.0
1663,4.0
1664,3.0
1665,3.0
1666,4.0
1667,4.0
1668,3.0
1669,3.0
1670,3.0
1671,4.0
1672,3.0
1673,4.0
1674,4.0
1675,4.0
1676,4.0
1677,3.0
1678,4.0
1679,4.0
1680,3.0
1681,3.0
1682,4.0
1683,4.0
1684,3.0
1685,4.0
1686,4.0
1687,3.0
1688,4.0
1689,4.0
1690,3.0
1691,4.0
1692,3.0
1693,3.0
1694,4.0
1695,3.0
1696,3.0
1697,3.0
1698,3.0
1699,4.0
1700,4.0
1701,4.0
1702,3.0
1703,3.0
1704,4.0
1705,3.0
1706,4.0
1707,4.0
1708,3.0
1709,3.0
1710,3.0
1711,3.0
1712,3.0
1713,3.0
1714,3.0
1715,3.0
1716,4.0
1717,4.0
1718,3.0
1719,4.0
1720,4.0
1721,4.0
1722,4.0
1723,4.0
1724,4.0
1725,3.0
1726,3.0
1727,3.0
1728,4.0
1729,3.0
1730,4.0
1731,3.0
1732,3.0
1733,4.0
1734,4.0
1735,4.0
1736,4.0
1737,4.0
1738,4.0
1739,3.0
1740,4.0
1741,4.0
1742,4.0
1743,4.0
1744,3.0
1745,3.0
1746,4.0
1747,4.0
1748,3.0
1749,3.0
1750,4.0
1751,3.0
1752,3.0
1753,3.0
1754,4.0
1755,4.0
1756,4.0
1757,3.0
1758,4.0
1759,4.0
1760,4.0
1761,3.0
1762,4.0
1763,4.0
1764,3.0
1765,4.0
1766,3.0
1767,3.0
1768,4.0
1769,3.0
1770,3.0
1771,4.0
1772,4.0
1773,4.0
1774,3.0
1775,3.0
1776,3.0
1777,4.0
1778,4.0
1779,4.0
1780,3.0
1781,4.0
1782,4.0
1783,4.0
1784,4.0
1785,4.0
1786,4.0
1787,3.0
1788,4.0
1789,4.0
1790,4.0
1791,4.0
1792,4.0
1793,3.0
1794,4.0
1795,3.0
1796,4.0
1797,3.0
1798,4.0
1799,3.0
1800,4.0
1801,3.0
1802,4.0
1803,3.0
1804,3.0
1805,4.0
1806,3.0
1807,3.0
1808,3.0
1809,3.0
1810,4.0
1811,4.0
1812,3.0
1813,3.0
1814,3.0
1815,4.0
1816,4.0
1817,3.0
1818,4.0
1819,3.0
1820,3.0
1821,4.0
1822,3.0
1823,4.0
1824,4.0
1825,4.0
1826,3.0
1827,4.0
1828,3.0
1829,4.0
1830,3.0
1831,4.0
1832,4.0
1833,4.0
1834,4.0
1835,3.0
1836,3.0
1837,3.0
1838,4.0
1839,3.0
1840,3.0
1841,4.0
1842,4.0
1843,3.0
1844,3.0
1845,3.0
1846,4.0
1847,3.0
1848,4.0
1849,4.0
1850,3.0
1851,4.0
1852,4.0
1853,3.0
1854,4.0
1855,3.0
1856,4.0
1857,4.0
1858,4.0
1859,4.0
1860,4.0
1861,3.0
1862,4.0
1863,3.0
1864,4.0
1865,4.0
1866,3.0
1867,4.0
1868,3.0
1869,3.0
1870,4.0
1871,3.0
1872,3.0
1873,4.0
1874,4.0
1875,4.0
1876,4.0
1877,3.0
1878,4.0
1879,4.0
1880,4.0
1881,4.0
1882,3.0
1883,4.0
1884,3.0
1885,3.0
1886,3.0
1887,3.0
1888,4.0
1889,3.0
1890,4.0
1891,3.0
1892,3.0
1893,3.0
1894,3.0
1895,4.0
1896,3.0
1897,4.0
1898,3.0
1899,4.0
1900,3.0
1901,4.0
1902,4.0
1903,3.0
1904,3.0
1905,4.0
1906,4.0
1907,3.0
1908,4.0
1909,3.0
1910,4.0
1911,3.0
1912,4.0
1913,3.0
1914,4.0
1915,4.0
1916,3.0
1917,4.0
1918,4.0
1919,4.0
1920,4.0
1921,3.0
1922,4.0
1923,3.0
1924,3.0
1925,4.0
1926,4.0
1927,4.0
1928,4.0
1929,4.0
1930,4.0
1931,3.0
1932,3.0
1933,4.0
1934,4.0
1935,3.0
1936,4.0
1937,3.0
1938,4.0
1939,3.0
1940,3.0
1941,4.0
1942,4.0
1943,4.0
1944,4.0
1945,4.0
1946,4.0
1947,4.0
1948,3.0
1949,4.0
1950,4.0
1951,3.0
1952,4.0
1953,3.0
1954,4.0
1955,3.0
1956,3.0
1957,4.0
1958,3.0
1959,4.0
1960,3.0
1961,4.0
1962,4.0
1963,3.0
1964,3.0
1965,3.0
1966,4.0
1967,3.0
1968,3.0
1969,4.0
1970,3.0
1971,4.0
1972,3.0
1973,3.0
1974,4.0
1975,4.0
1976,3.0
1977,3.0
1978,4.0
1979,4.0
1980,4.0
1981,4.0
1982,4.0
1983,3.0
1984,3.0
1985,4.0
1986,3.0
1987,4.0
1988,3.0
1989,4.0
1990,4.0
1991,3.0
1992,4.0
1993,3.0
1994,4.0
1995,4.0
1996,4.0
1997,3.0
1998,4.0
1999,4.0
2000,4.0
2001,4.0
2002,4.0
2003,4.0
2004,3.0
2005,3.0
2006,4.0
2007,3.0
2008,4.0
2009,3.0
2010,3.0
2011,3.0
2012,3.0
2013,3.0
2014,4.0
2015,3.0
2016,4.0
2017,3.0
2018,4.0
2019,4.0
2020,4.0
2021,4.0
2022,4.0
2023,4.0
2024,3.0
2025,3.0
2026,3.0
2027,3.0
2028,4.0
2029,3.0
2030,3.0
2031,4.0
2032,4.0
2033,3.0
2034,3.0
2035,4.0
2036,3.0
2037,4.0
2038,4.0
2039,4.0
2040,4.0
2041,3.0
2042,3.0
2043,4.0
2044,4.0
2045,3.0
2046,3.0
2047,3.0
2048,4.0
2049,4.0
2050,3.0
2051,4.0
2052,3.0
2053,4.0
2054,3.0
2055,4.0
2056,5.0
2057,4.0
2058,3.0
2059,3.0
2060,3.0
2061,3.0
2062,4.0
2063,4.0
2064,3.0
2065,3.0
2066,3.0
2067,4.0
2068,3.0
2069,4.0
2070,3.0
2071,3.0
2072,3.0
2073,4.0
2074,3.0
2075,4.0
2076,4.0
2077,4.0
2078,4.0
2079,4.0
2080,4.0
2081,4.0
2082,3.0
2083,4.0
2084,3.0
2085,4.0
2086,4.0
2087,4.0
2088,4.0
2089,3.0
2090,4.0
2091,4.0
2092,3.0
2093,4.0
2094,4.0
2095,4.0
2096,3.0
2097,3.0
2098,3.0
2099,3.0
2100,4.0
2101,3.0
2102,4.0
2103,3.0
2104,3.0
2105,4.0
2106,3.0
2107,3.0
2108,4.0
2109,4.0
2110,4.0
2111,3.0
2112,3.0
2113,3.0
2114,4.0
2115,4.0
2116,4.0
2117,3.0
2118,3.0
2119,4.0
2120,4.0
2121,4.0
2122,4.0
2123,4.0
2124,4.0
2125,4.0
2126,4.0
2127,3.0
2128,3.0
2129,4.0
2130,4.0
2131,4.0
2132,3.0
2133,4.0
2134,4.0
2135,4.0
2136,4.0
2137,4.0
2138,4.0
2139,4.0
2140,4.0
2141,4.0
2142,3.0
2143,4.0
2144,3.0
2145,3.0
2146,4.0
2147,3.0
2148,4.0
2149,4.0
2150,3.0
2151,3.0
2152,3.0
2153,4.0
2154,4.0
2155,4.0
2156,3.0
2157,4.0
2158,3.0
2159,3.0
2160,4.0
2161,4.0
2162,4.0
2163,3.0
2164,3.0
2165,3.0
2166,4.0
2167,4.0
2168,4.0
2169,3.0
2170,3.0
2171,4.0
2172,3.0
2173,4.0
2174,4.0
2175,3.0
2176,3.0
2177,4.0
2178,3.0
2179,4.0
2180,3.0
2181,5.0
2182,4.0
2183,4.0
2184,4.0
2185,4.0
2186,3.0
2187,3.0
2188,4.0
2189,3.0
2190,4.0
2191,4.0
2192,3.0
2193,4.0
2194,3.0
2195,4.0
2196,3.0
2197,4.0
2198,4.0
2199,4.0
2200,3.0
2201,4.0
2202,3.0
2203,3.0
2204,3.0
2205,4.0
2206,4.0
2207,3.0
2208,3.0
2209,4.0
2210,4.0
2211,3.0
2212,3.0
2213,4.0
2214,4.0
2215,3.0
2216,4.0
2217,3.0
2218,3.0
2219,4.0
2220,4.0
2221,4.0
2222,4.0
2223,3.0
2224,3.0
2225,4.0
2226,3.0
2227,4.0
2228,3.0
2229,3.0
2230,3.0
2231,4.0
2232,4.0
2233,3.0
2234,3.0
2235,4.0
2236,3.0
2237,4.0
2238,3.0
2239,4.0
2240,4.0
2241,4.0
2242,3.0
2243,4.0
2244,4.0
2245,4.0
2246,3.0
2247,4.0
2248,3.0
2249,3.0
2250,3.0
2251,3.0
2252,4.0
2253,3.0
2254,3.0
2255,4.0
2256,3.0
2257,3.0
2258,4.0
2259,4.0
2260,3.0
2261,4.0
2262,4.0
2263,4.0
2264,4.0
2265,3.0
2266,4.0
2267,3.0
2268,3.0
2269,4.0
2270,3.0
2271,3.0
2272,4.0
2273,3.0
2274,4.0
2275,3.0
2276,3.0
2277,4.0
2278,3.0
2279,3.0
2280,4.0
2281,4.0
2282,4.0
2283,4.0
2284,3.0
2285,3.0
2286,4.0
2287,4.0
2288,4.0
2289,4.0
2290,3.0
2291,4.0
2292,3.0
2293,4.0
2294,3.0
2295,4.0
2296,4.0
2297,3.0
2298,3.0
2299,4.0
2300,3.0
2301,3.0
2302,4.0
2303,3.0
2304,4.0
2305,4.0
2306,3.0
2307,3.0
2308,4.0
2309,4.0
2310,3.0
2311,4.0
2312,3.0
2313,4.0
2314,4.0
2315,4.0
2316,3.0
2317,4.0
2318,4.0
2319,4.0
2320,4.0
2321,3.0
2322,3.0
2323,4.0
2324,3.0
2325,4.0
2326,3.0
2327,4.0
2328,4.0
2329,3.0
2330,4.0
2331,4.0
2332,3.0
2333,4.0
2334,3.0
2335,4.0
2336,3.0
2337,4.0
2338,3.0
2339,3.0
2340,4.0
2341,4.0
2342,3.0
2343,4.0
2344,4.0
2345,4.0
2346,3.0
2347,4.0
2348,4.0
2349,4.0
2350,3.0
2351,4.0
2352,4.0
2353,4.0
2354,4.0
2355,4.0
2356,4.0
2357,3.0
2358,3.0
2359,4.0
2360,3.0
2361,3.0
2362,3.0
2363,4.0
2364,3.0
2365,3.0
2366,4.0
2367,4.0
2368,4.0
2369,4.0
2370,4.0
2371,3.0
2372,3.0
2373,4.0
2374,3.0
2375,3.0
2376,3.0
2377,4.0
2378,3.0
2379,3.0
2380,4.0
2381,3.0
2382,3.0
2383,3.0
2384,3.0
2385,3.0
2386,3.0
2387,3.0
2388,3.0
2389,4.0
2390,4.0
2391,4.0
2392,4.0
2393,3.0
2394,3.0
2395,4.0
2396,3.0
2397,4.0
2398,3.0
2399,3.0
2400,3.0
2401,4.0
2402,4.0
2403,3.0
2404,5.0
2405,4.0
2406,4.0
2407,3.0
2408,4.0
2409,4.0
2410,3.0
2411,3.0
2412,3.0
2413,4.0
2414,3.0
2415,4.0
2416,4.0
2417,4.0
2418,4.0
2419,3.0
2420,4.0
2421,4.0
2422,4.0
2423,4.0
2424,3.0
2425,3.0
2426,4.0
2427,4.0
2428,3.0
2429,4.0
2430,4.0
2431,4.0
2432,3.0
2433,4.0
2434,4.0
2435,3.0
2436,3.0
2437,4.0
2438,3.0
2439,3.0
2440,3.0
2441,3.0
2442,3.0
2443,4.0
2444,4.0
2445,4.0
2446,4.0
2447,3.0
2448,3.0
2449,4.0
2450,4.0
2451,3.0
2452,3.0
2453,4.0
2454,3.0
2455,4.0
2456,4.0
2457,4.0
2458,3.0
2459,3.0
2460,3.0
2461,4.0
2462,4.0
2463,4.0
2464,4.0
2465,3.0
2466,3.0
2467,4.0
2468,4.0
2469,3.0
2470,4.0
2471,4.0
2472,4.0
2473,4.0
2474,3.0
2475,4.0
2476,3.0
2477,5.0
2478,4.0
2479,3.0
2480,3.0
2481,4.0
2482,3.0
2483,3.0
2484,4.0
2485,3.0
2486,4.0
2487,4.0
2488,4.0
2489,3.0
2490,4.0
2491,4.0
2492,3.0
2493,4.0
2494,3.0
2495,4.0
2496,4.0
2497,4.0
2498,4.0
2499,3.0
2500,4.0
2501,3.0
2502,4.0
2503,3.0
2504,3.0
2505,4.0
2506,4.0
2507,3.0
2508,4.0
2509,4.0
2510,3.0
2511,3.0
2512,4.0
2513,3.0
2514,4.0
2515,4.0
2516,3.0
2517,4.0
2518,4.0
2519,3.0
2520,4.0
2521,4.0
2522,3.0
2523,4.0
2524,4.0
2525,3.0
2526,4.0
2527,4.0
2528,3.0
2529,4.0
2530,3.0
2531,3.0
2532,3.0
2533,4.0
2534,4.0
2535,4.0
2536,4.0
2537,4.0
2538,4.0
2539,4.0
2540,4.0
2541,3.0
2542,3.0
2543,3.0
2544,3.0
2545,4.0
2546,4.0
2547,3.0
2548,4.0
2549,3.0
2550,3.0
2551,3.0
2552,3.0
2553,4.0
2554,4.0
2555,3.0
2556,3.0
2557,4.0
2558,3.0
2559,3.0
2560,3.0
2561,4.0
2562,3.0
2563,3.0
2564,4.0
2565,4.0
2566,3.0
2567,4.0
2568,4.0
2569,3.0
2570,3.0
2571,4.0
2572,3.0
2573,4.0
2574,4.0
2575,4.0
2576,3.0
2577,4.0
2578,3.0
2579,4.0
2580,4.0
2581,4.0
2582,3.0
2583,4.0
2584,3.0
2585,4.0
2586,4.0
2587,3.0
2588,3.0
2589,3.0
2590,3.0
2591,3.0
2592,3.0
2593,4.0
2594,3.0
2595,4.0
2596,4.0
2597,4.0
2598,3.0
2599,4.0
2600,3.0
2601,3.0
2602,4.0
2603,4.0
2604,4.0
2605,3.0
2606,3.0
2607,4.0
2608,4.0
2609,3.0
2610,3.0
2611,4.0
2612,3.0
2613,3.0
2614,3.0
2615,4.0
2616,3.0
2617,3.0
2618,4.0
2619,3.0
2620,4.0
2621,4.0
2622,4.0
2623,4.0
2624,3.0
2625,3.0
2626,3.0
2627,4.0
2628,3.0
2629,4.0
2630,3.0
2631,4.0
2632,3.0
2633,4.0
2634,3.0
2635,4.0
2636,3.0
2637,3.0
2638,3.0
2639,3.0
2640,4.0
2641,3.0
2642,3.0
2643,4.0
2644,4.0
2645,3.0
2646,4.0
2647,4.0
2648,3.0
2649,3.0
2650,4.0
2651,4.0
2652,3.0
2653,4.0
2654,4.0
2655,4.0
2656,3.0
2657,4.0
2658,3.0
2659,3.0
2660,4.0
2661,4.0
2662,4.0
2663,4.0
2664,3.0
2665,4.0
2666,4.0
2667,3.0
2668,3.0
2669,4.0
2670,3.0
2671,4.0
2672,4.0
2673,4.0
2674,3.0
2675,3.0
2676,4.0
2677,4.0
2678,4.0
2679,4.0
2680,4.0
2681,4.0
2682,3.0
2683,3.0
2684,3.0
2685,3.0
2686,3.0
2687,4.0
2688,4.0
2689,3.0
2690,3.0
2691,4.0
2692,3.0
2693,3.0
2694,3.0
2695,3.0
2696,4.0
2697,4.0
2698,4.0
2699,4.0
2700,3.0
2701,4.0
2702,3.0
2703,3.0
2704,3.0
2705,4.0
2706,4.0
2707,4.0
2708,4.0
2709,3.0
2710,3.0
2711,4.0
2712,4.0
2713,3.0
2714,3.0
2715,3.0
2716,3.0
2717,3.0
2718,4.0
2719,4.0
2720,4.0
2721,4.0
2722,3.0
2723,4.0
2724,3.0
2725,3.0
2726,4.0
2727,4.0
2728,4.0
2729,4.0
2730,4.0
2731,3.0
2732,4.0
2733,3.0
2734,3.0
2735,3.0
2736,4.0
2737,3.0
2738,3.0
2739,4.0
2740,4.0
2741,4.0
2742,3.0
2743,4.0
2744,3.0
2745,3.0
2746,4.0
2747,3.0
2748,4.0
2749,4.0
2750,3.0
2751,4.0
2752,4.0
2753,3.0
2754,4.0
2755,3.0
2756,3.0
2757,3.0
2758,4.0
2759,4.0
2760,3.0
2761,3.0
2762,4.0
2763,4.0
2764,4.0
2765,4.0
2766,4.0
2767,4.0
2768,4.0
2769,3.0
2770,4.0
2771,4.0
2772,4.0
2773,4.0
2774,4.0
2775,3.0
2776,3.0
2777,4.0
2778,3.0
2779,3.0
2780,3.0
2781,4.0
2782,3.0
2783,4.0
2784,4.0
2785,3.0
2786,3.0
2787,3.0
2788,4.0
2789,4.0
2790,3.0
2791,4.0
2792,4.0
2793,3.0
2794,4.0
2795,4.0
2796,3.0
2797,4.0
2798,3.0
2799,3.0
2800,3.0
2801,4.0
2802,4.0
2803,3.0
2804,3.0
2805,4.0
2806,4.0
2807,4.0
2808,4.0
2809,4.0
2810,3.0
2811,3.0
2812,4.0
2813,4.0
2814,3.0
2815,4.0
2816,4.0
2817,4.0
2818,4.0
2819,3.0
2820,3.0
2821,4.0
2822,3.0
2823,3.0
2824,3.0
2825,3.0
2826,4.0
2827,3.0
2828,4.0
2829,3.0
2830,3.0
2831,4.0
2832,4.0
2833,4.0
2834,4.0
2835,4.0
2836,4.0
2837,4.0
2838,3.0
2839,3.0
2840,3.0
2841,4.0
2842,4.0
2843,4.0
2844,3.0
2845,3.0
2846,3.0
2847,3.0
2848,3.0
2849,4.0
2850,3.0
2851,4.0
2852,4.0
2853,3.0
2854,4.0
2855,4.0
2856,3.0
2857,4.0
2858,4.0
2859,4.0
2860,4.0
2861,3.0
2862,4.0
2863,3.0
2864,4.0
2865,3.0
2866,3.0
2867,3.0
2868,4.0
2869,4.0
2870,3.0
2871,3.0
2872,3.0
2873,4.0
2874,3.0
2875,3.0
2876,4.0
2877,4.0
2878,4.0
2879,3.0
2880,4.0
2881,3.0
2882,4.0
2883,4.0
2884,3.0
2885,3.0
2886,3.0
2887,4.0
2888,4.0
2889,3.0
2890,4.0
2891,4.0
2892,4.0
2893,4.0
2894,4.0
2895,3.0
2896,3.0
2897,3.0
2898,4.0
2899,3.0
2900,4.0
2901,3.0
2902,3.0
2903,3.0
2904,4.0
2905,4.0
2906,4.0
2907,3.0
2908,4.0
2909,3.0
2910,4.0
2911,3.0
2912,3.0
2913,4.0
2914,4.0
2915,4.0
2916,3.0
2917,4.0
2918,4.0
2919,3.0
2920,3.0
2921,4.0
2922,3.0
2923,3.0
2924,4.0
2925,3.0
2926,4.0
2927,3.0
2928,4.0
2929,4.0
2930,4.0
2931,3.0
2932,4.0
2933,3.0
2934,4.0
2935,4.0
2936,3.0
2937,3.0
2938,4.0
2939,4.0
2940,3.0
2941,4.0
2942,3.0
2943,3.0
2944,3.0
2945,3.0
2946,4.0
2947,3.0
2948,4.0
2949,3.0
2950,3.0
2951,4.0
2952,3.0
2953,3.0
2954,4.0
2955,4.0
2956,4.0
2957,4.0
2958,3.0
2959,3.0
2960,4.0
2961,4.0
2962,3.0
2963,4.0
2964,4.0
2965,3.0
2966,3.0
2967,4.0
2968,3.0
2969,4.0
2970,4.0
2971,3.0
2972,4.0
2973,4.0
2974,4.0
2975,4.0
2976,4.0
2977,4.0
2978,3.0
2979,4.0
2980,4.0
2981,4.0
2982,3.0
2983,4.0
2984,4.0
2985,4.0
2986,4.0
2987,4.0
2988,4.0
2989,4.0
2990,3.0
2991,4.0
2992,4.0
2993,4.0
2994,4.0
2995,4.0
2996,4.0
2997,3.0
2998,4.0
2999,4.0
3000,3.0
3001,4.0
3002,3.0
3003,3.0
3004,3.0
3005,4.0
3006,3.0
3007,3.0
3008,3.0
3009,3.0
3010,3.0
3011,4.0
3012,4.0
3013,3.0
3014,3.0
3015,3.0
3016,3.0
3017,3.0
3018,3.0
3019,3.0
3020,3.0
3021,3.0
3022,4.0
3023,3.0
3024,4.0
3025,3.0
3026,4.0
3027,3.0
3028,3.0
3029,4.0
3030,3.0
3031,4.0
3032,4.0
3033,4.0
3034,3.0
3035,4.0
3036,4.0
3037,4.0
3038,4.0
3039,4.0
3040,4.0
3041,3.0
3042,3.0
3043,3.0
3044,4.0
3045,3.0
3046,3.0
3047,3.0
3048,4.0
3049,4.0
3050,4.0
3051,3.0
3052,4.0
3053,4.0
3054,3.0
3055,4.0
3056,4.0
3057,4.0
3058,3.0
3059,4.0
3060,3.0
3061,3.0
3062,3.0
3063,3.0
3064,3.0
3065,4.0
3066,3.0
3067,4.0
3068,3.0
3069,4.0
3070,3.0
3071,4.0
3072,4.0
3073,4.0
3074,4.0
3075,3.0
3076,4.0
3077,4.0
3078,4.0
3079,3.0
3080,3.0
3081,3.0
3082,4.0
3083,4.0
3084,3.0
3085,3.0
3086,3.0
3087,4.0
3088,3.0
3089,3.0
3090,4.0
3091,4.0
3092,4.0
3093,3.0
3094,3.0
3095,3.0
3096,4.0
3097,3.0
3098,4.0
3099,3.0
3100,4.0
3101,4.0
3102,3.0
3103,3.0
3104,3.0
3105,4.0
3106,4.0
3107,3.0
3108,4.0
3109,4.0
3110,4.0
3111,4.0
3112,4.0
3113,4.0
3114,3.0
3115,4.0
3116,3.0
3117,3.0
3118,4.0
3119,3.0
3120,4.0
3121,4.0
3122,4.0
3123,3.0
3124,3.0
3125,4.0
3126,3.0
3127,4.0
3128,4.0
3129,3.0
3130,3.0
3131,3.0
3132,4.0
3133,4.0
3134,3.0
3135,3.0
3136,3.0
3137,4.0
3138,4.0
3139,3.0
3140,4.0
3141,4.0
3142,4.0
3143,4.0
3144,3.0
3145,3.0
3146,3.0
3147,3.0
3148,3.0
3149,3.0
3150,4.0
3151,3.0
3152,4.0
3153,4.0
3154,4.0
3155,4.0
3156,4.0
3157,4.0
3158,3.0
3159,4.0
3160,4.0
3161,3.0
3162,4.0
3163,3.0
3164,4.0
3165,4.0
3166,4.0
3167,3.0
3168,3.0
3169,4.0
3170,4.0
3171,4.0
3172,3.0
3173,4.0
3174,3.0
3175,4.0
3176,4.0
3177,4.0
3178,4.0
3179,4.0
3180,4.0
3181,3.0
3182,4.0
3183,4.0
3184,4.0
3185,4.0
3186,3.0
3187,4.0
3188,3.0
3189,3.0
3190,4.0
3191,4.0
3192,4.0
3193,4.0
3194,4.0
3195,4.0
3196,4.0
3197,4.0
3198,3.0
3199,3.0
3200,4.0
3201,4.0
3202,4.0
3203,4.0
3204,4.0
3205,4.0
3206,4.0
3207,4.0
3208,4.0
3209,3.0
3210,4.0
3211,3.0
3212,4.0
3213,3.0
3214,4.0
3215,3.0
3216,3.0
3217,4.0
3218,4.0
3219,4.0
3220,3.0
3221,4.0
3222,4.0
3223,3.0
3224,4.0
3225,4.0
3226,4.0
3227,4.0
3228,4.0
3229,4.0
3230,3.0
3231,3.0
3232,3.0
3233,4.0
3234,4.0
3235,3.0
3236,4.0
3237,4.0
3238,3.0
3239,3.0
3240,4.0
3241,4.0
3242,4.0
3243,4.0
3244,4.0
3245,3.0
3246,3.0
3247,4.0
3248,4.0
3249,4.0
3250,4.0
3251,3.0
3252,3.0
3253,4.0
3254,3.0
3255,3.0
3256,3.0
3257,3.0
3258,4.0
3259,4.0
3260,4.0
3261,4.0
3262,4.0
3263,4.0
3264,3.0
3265,4.0
3266,4.0
3267,4.0
3268,4.0
3269,4.0
3270,3.0
3271,4.0
3272,4.0
3273,3.0
3274,4.0
3275,4.0
3276,4.0
3277,4.0
3278,4.0
3279,3.0
3280,4.0
3281,4.0
3282,4.0
3283,4.0
3284,4.0
3285,4.0
3286,4.0
3287,4.0
3288,4.0
3289,3.0
3290,3.0
3291,3.0
3292,4.0
3293,4.0
3294,3.0
3295,3.0
3296,4.0
3297,3.0
3298,4.0
3299,3.0
3300,3.0
3301,4.0
3302,4.0
3303,4.0
3304,4.0
3305,4.0
3306,4.0
3307,4.0
3308,4.0
3309,4.0
3310,3.0
3311,3.0
3312,3.0
3313,4.0
3314,3.0
3315,3.0
3316,3.0
3317,4.0
3318,4.0
3319,3.0
3320,4.0
3321,4.0
3322,4.0
3323,4.0
3324,4.0
3325,3.0
3326,4.0
3327,3.0
3328,3.0
3329,3.0
3330,3.0
3331,4.0
3332,3.0
3333,4.0
3334,3.0
3335,4.0
3336,4.0
3337,3.0
3338,4.0
3339,4.0
3340,4.0
3341,3.0
3342,4.0
3343,4.0
3344,4.0
3345,3.0
3346,4.0
3347,4.0
3348,3.0
3349,4.0
3350,3.0
3351,4.0
3352,3.0
3353,3.0
3354,3.0
3355,3.0
3356,4.0
3357,4.0
3358,3.0
3359,4.0
3360,4.0
3361,3.0
3362,4.0
3363,4.0
3364,3.0
3365,3.0
3366,3.0
3367,3.0
3368,4.0
3369,4.0
3370,4.0
3371,4.0
3372,4.0
3373,3.0
3374,4.0
3375,3.0
3376,3.0
3377,3.0
3378,4.0
3379,3.0
3380,4.0
3381,4.0
3382,3.0
3383,3.0
3384,4.0
3385,3.0
3386,3.0
3387,4.0
3388,3.0
3389,4.0
3390,3.0
3391,4.0
3392,4.0
3393,3.0
3394,3.0
3395,4.0
3396,3.0
3397,3.0
3398,4.0
3399,3.0
3400,3.0
3401,4.0
3402,3.0
3403,4.0
3404,3.0
3405,3.0
3406,4.0
3407,3.0
3408,4.0
3409,5.0
3410,4.0
3411,4.0
3412,3.0
3413,4.0
3414,3.0
3415,4.0
3416,4.0
3417,3.0
3418,3.0
3419,3.0
3420,3.0
3421,4.0
3422,3.0
3423,3.0
3424,4.0
3425,3.0
3426,4.0
3427,4.0
3428,3.0
3429,4.0
3430,4.0
3431,4.0
3432,3.0
3433,4.0
3434,4.0
3435,4.0
3436,3.0
3437,4.0
3438,4.0
3439,3.0
3440,3.0
3441,4.0
3442,3.0
3443,4.0
3444,3.0
3445,4.0
3446,4.0
3447,3.0
3448,3.0
3449,4.0
3450,3.0
3451,4.0
3452,4.0
3453,3.0
3454,4.0
3455,3.0
3456,3.0
3457,3.0
3458,3.0
3459,4.0
3460,4.0
3461,3.0
3462,4.0
3463,4.0
3464,4.0
3465,3.0
3466,3.0
3467,4.0
3468,4.0
3469,4.0
3470,4.0
3471,4.0
3472,4.0
3473,4.0
3474,3.0
3475,3.0
3476,3.0
3477,4.0
3478,3.0
3479,4.0
3480,3.0
3481,4.0
3482,4.0
3483,3.0
3484,3.0
3485,3.0
3486,3.0
3487,3.0
3488,3.0
3489,4.0
3490,3.0
3491,3.0
3492,4.0
3493,3.0
3494,3.0
3495,3.0
3496,4.0
3497,4.0
3498,3.0
3499,4.0
3500,4.0
3501,4.0
3502,4.0
3503,3.0
3504,4.0
3505,4.0
3506,4.0
3507,4.0
3508,4.0
3509,3.0
3510,3.0
3511,3.0
3512,4.0
3513,3.0
3514,3.0
3515,4.0
3516,4.0
3517,4.0
3518,4.0
3519,4.0
3520,3.0
3521,3.0
3522,3.0
3523,4.0
3524,4.0
3525,4.0
3526,3.0
3527,4.0
3528,3.0
3529,4.0
3530,3.0
3531,3.0
3532,3.0
3533,3.0
3534,4.0
3535,3.0
3536,3.0
3537,4.0
3538,3.0
3539,3.0
3540,4.0
3541,3.0
3542,3.0
3543,3.0
3544,4.0
3545,3.0
3546,3.0
3547,3.0
3548,3.0
3549,4.0
3550,3.0
3551,4.0
3552,3.0
3553,4.0
3554,4.0
3555,3.0
3556,3.0
3557,3.0
3558,4.0
3559,3.0
3560,3.0
3561,3.0
3562,4.0
3563,3.0
3564,3.0
3565,3.0
3566,4.0
3567,4.0
3568,4.0
3569,4.0
3570,4.0
3571,4.0
3572,4.0
3573,4.0
3574,3.0
3575,4.0
3576,3.0
3577,3.0
3578,4.0
3579,4.0
3580,3.0
3581,3.0
3582,3.0
3583,4.0
3584,4.0
3585,3.0
3586,4.0
3587,3.0
3588,4.0
3589,4.0
3590,4.0
3591,4.0
3592,3.0
3593,4.0
3594,3.0
3595,3.0
3596,4.0
3597,4.0
3598,4.0
3599,4.0
3600,3.0
3601,4.0
3602,3.0
3603,3.0
3604,3.0
3605,4.0
3606,4.0
3607,4.0
3608,3.0
3609,4.0
3610,4.0
3611,4.0
3612,4.0
3613,4.0
3614,3.0
3615,3.0
3616,4.0
3617,4.0
3618,4.0
3619,3.0
3620,4.0
3621,3.0
3622,4.0
3623,4.0
3624,4.0
3625,4.0
3626,4.0
3627,4.0
3628,3.0
3629,3.0
3630,3.0
3631,3.0
3632,4.0
3633,3.0
3634,4.0
3635,3.0
3636,4.0
3637,3.0
3638,3.0
3639,4.0
3640,3.0
3641,4.0
3642,3.0
3643,4.0
3644,3.0
3645,3.0
3646,4.0
3647,4.0
3648,3.0
3649,4.0
3650,3.0
3651,4.0
3652,4.0
3653,3.0
3654,3.0
3655,3.0
3656,4.0
3657,3.0
3658,4.0
3659,4.0
3660,4.0
3661,4.0
3662,4.0
3663,4.0
3664,3.0
3665,4.0
3666,4.0
3667,4.0
3668,3.0
3669,4.0
3670,3.0
3671,3.0
3672,4.0
3673,3.0
3674,4.0
3675,3.0
3676,4.0
3677,3.0
3678,3.0
3679,3.0
3680,3.0
3681,3.0
3682,3.0
3683,4.0
3684,3.0
3685,3.0
3686,4.0
3687,4.0
3688,3.0
3689,3.0
3690,3.0
3691,3.0
3692,3.0
3693,4.0
3694,4.0
3695,3.0
3696,3.0
3697,4.0
3698,4.0
3699,3.0
3700,4.0
3701,4.0
3702,4.0
3703,4.0
3704,3.0
3705,3.0
3706,4.0
3707,3.0
3708,3.0
3709,3.0
3710,4.0
3711,4.0
3712,3.0
3713,3.0
3714,4.0
3715,4.0
3716,3.0
3717,4.0
3718,4.0
3719,3.0
3720,3.0
3721,4.0
3722,3.0
3723,4.0
3724,3.0
3725,3.0
3726,4.0
3727,3.0
3728,4.0
3729,3.0
3730,3.0
3731,4.0
3732,3.0
3733,4.0
3734,3.0
3735,3.0
3736,4.0
3737,4.0
3738,4.0
3739,3.0
3740,4.0
3741,4.0
3742,4.0
3743,3.0
3744,4.0
3745,4.0
3746,4.0
3747,3.0
3748,4.0
3749,3.0
3750,4.0
3751,3.0
3752,4.0
3753,4.0
3754,3.0
3755,4.0
3756,4.0
3757,3.0
3758,3.0
3759,4.0
3760,3.0
3761,4.0
3762,3.0
3763,3.0
3764,3.0
3765,3.0
3766,3.0
3767,4.0
3768,3.0
3769,3.0
3770,3.0
3771,4.0
3772,3.0
3773,3.0
3774,3.0
3775,3.0
3776,4.0
3777,3.0
3778,3.0
3779,3.0
3780,3.0
3781,4.0
3782,4.0
3783,3.0
3784,3.0
3785,4.0
3786,3.0
3787,4.0
3788,4.0
3789,4.0
3790,3.0
3791,4.0
3792,3.0
3793,4.0
3794,4.0
3795,3.0
3796,3.0
3797,4.0
3798,3.0
3799,4.0
3800,3.0
3801,3.0
3802,4.0
3803,3.0
3804,3.0
3805,3.0
3806,5.0
3807,3.0
3808,3.0
3809,3.0
3810,3.0
3811,4.0
3812,4.0
3813,3.0
3814,3.0
3815,4.0
3816,3.0
3817,3.0
3818,3.0
3819,3.0
3820,4.0
3821,4.0
3822,4.0
3823,4.0
3824,3.0
3825,4.0
3826,4.0
3827,3.0
3828,3.0
3829,4.0
3830,3.0
3831,3.0
3832,4.0
3833,4.0
3834,4.0
3835,4.0
3836,3.0
3837,4.0
3838,4.0
3839,4.0
3840,3.0
3841,3.0
3842,4.0
3843,3.0
3844,4.0
3845,4.0
3846,3.0
3847,4.0
3848,4.0
3849,3.0
3850,4.0
3851,4.0
3852,3.0
3853,4.0
3854,3.0
3855,3.0
3856,3.0
3857,4.0
3858,4.0
3859,3.0
3860,4.0
3861,4.0
3862,4.0
3863,4.0
3864,3.0
3865,4.0
3866,3.0
3867,3.0
3868,3.0
3869,3.0
3870,3.0
3871,3.0
3872,4.0
3873,3.0
3874,4.0
3875,4.0
3876,3.0
3877,3.0
3878,4.0
3879,4.0
3880,4.0
3881,4.0
3882,4.0
3883,4.0
3884,4.0
3885,4.0
3886,4.0
3887,3.0
3888,3.0
3889,4.0
3890,4.0
3891,4.0
3892,4.0
3893,3.0
3894,4.0
3895,4.0
3896,4.0
3897,4.0
3898,3.0
3899,3.0
3900,3.0
3901,3.0
3902,3.0
3903,4.0
3904,4.0
3905,3.0
3906,4.0
3907,3.0
3908,3.0
3909,3.0
3910,4.0
3911,3.0
3912,3.0
3913,4.0
3914,4.0
3915,3.0
3916,4.0
3917,3.0
3918,4.0
3919,4.0
3920,4.0
3921,4.0
3922,4.0
3923,3.0
3924,3.0
3925,3.0
3926,3.0
3927,4.0
3928,4.0
3929,3.0
3930,4.0
3931,4.0
3932,3.0
3933,4.0
3934,3.0
3935,4.0
3936,4.0
3937,4.0
3938,4.0
3939,3.0
3940,3.0
3941,4.0
3942,3.0
3943,3.0
3944,3.0
3945,4.0
3946,4.0
3947,3.0
3948,3.0
3949,3.0
3950,4.0
3951,3.0
3952,4.0
3953,4.0
3954,4.0
3955,3.0
3956,3.0
3957,4.0
3958,4.0
3959,4.0
3960,3.0
3961,4.0
3962,3.0
3963,3.0
3964,4.0
3965,3.0
3966,4.0
3967,3.0
3968,4.0
3969,3.0
3970,3.0
3971,4.0
3972,4.0
3973,4.0
3974,4.0
3975,3.0
3976,3.0
3977,4.0
3978,4.0
3979,3.0
3980,3.0
3981,3.0
3982,4.0
3983,4.0
3984,4.0
3985,4.0
3986,3.0
3987,4.0
3988,3.0
3989,3.0
3990,4.0
3991,4.0
3992,4.0
3993,3.0
3994,3.0
3995,4.0
3996,4.0
3997,4.0
3998,4.0
3999,3.0
4000,3.0
4001,4.0
4002,4.0
4003,3.0
4004,4.0
4005,3.0
4006,4.0
4007,4.0
4008,4.0
4009,4.0
4010,4.0
4011,4.0
4012,3.0
4013,4.0
4014,3.0
4015,4.0
4016,4.0
4017,4.0
4018,4.0
4019,4.0
4020,4.0
4021,4.0
4022,4.0
4023,3.0
4024,4.0
4025,4.0
4026,3.0
4027,4.0
4028,4.0
4029,4.0
4030,4.0
4031,3.0
4032,3.0
4033,4.0
4034,3.0
4035,4.0
4036,3.0
4037,4.0
4038,4.0
4039,3.0
4040,4.0
4041,4.0
4042,3.0
4043,4.0
4044,3.0
4045,4.0
4046,3.0
4047,3.0
4048,4.0
4049,4.0
4050,4.0
4051,4.0
4052,4.0
4053,4.0
4054,3.0
4055,3.0
4056,4.0
4057,3.0
4058,3.0
4059,3.0
4060,4.0
4061,4.0
4062,3.0
4063,4.0
4064,3.0
4065,4.0
4066,4.0
4067,4.0
4068,3.0
4069,4.0
4070,3.0
4071,4.0
4072,3.0
4073,3.0
4074,3.0
4075,4.0
4076,4.0
4077,4.0
4078,3.0
4079,4.0
4080,4.0
4081,3.0
4082,4.0
4083,3.0
4084,4.0
4085,4.0
4086,4.0
4087,4.0
4088,4.0
4089,4.0
4090,4.0
4091,3.0
4092,3.0
4093,4.0
4094,4.0
4095,3.0
4096,3.0
4097,4.0
4098,4.0
4099,3.0
4100,4.0
4101,3.0
4102,3.0
4103,3.0
4104,3.0
4105,4.0
4106,3.0
4107,4.0
4108,4.0
4109,4.0
4110,3.0
4111,4.0
4112,4.0
4113,4.0
4114,4.0
4115,4.0
4116,3.0
4117,3.0
4118,4.0
4119,4.0
4120,4.0
4121,3.0
4122,3.0
4123,3.0
4124,3.0
4125,4.0
4126,5.0
4127,4.0
4128,4.0
4129,4.0
4130,3.0
4131,4.0
4132,3.0
4133,3.0
4134,4.0
4135,3.0
4136,3.0
4137,4.0
4138,3.0
4139,3.0
4140,4.0
4141,3.0
4142,4.0
4143,4.0
4144,4.0
4145,3.0
4146,4.0
4147,4.0
4148,3.0
4149,4.0
4150,3.0
4151,4.0
4152,4.0
4153,3.0
4154,3.0
4155,4.0
4156,3.0
4157,3.0
4158,4.0
4159,4.0
4160,3.0
4161,3.0
4162,3.0
4163,3.0
4164,3.0
4165,4.0
4166,3.0
4167,3.0
4168,3.0
4169,3.0
4170,4.0
4171,4.0
4172,4.0
4173,3.0
4174,4.0
4175,3.0
4176,3.0
4177,3.0
4178,3.0
4179,4.0
4180,4.0
4181,3.0
4182,4.0
4183,3.0
4184,4.0
4185,3.0
4186,4.0
4187,4.0
4188,3.0
4189,3.0
4190,4.0
4191,3.0
4192,4.0
4193,3.0
4194,4.0
4195,3.0
4196,5.0
4197,4.0
4198,4.0
4199,3.0
4200,4.0
4201,3.0
4202,3.0
4203,3.0
4204,3.0
4205,3.0
4206,4.0
4207,4.0
4208,4.0
4209,4.0
4210,4.0
4211,3.0
4212,3.0
4213,3.0
4214,4.0
4215,4.0
4216,3.0
4217,4.0
4218,3.0
4219,4.0
4220,3.0
4221,3.0
4222,4.0
4223,4.0
4224,4.0
4225,3.0
4226,4.0
4227,4.0
4228,3.0
4229,3.0
4230,4.0
4231,3.0
4232,4.0
4233,4.0
4234,4.0
4235,3.0
4236,4.0
4237,3.0
4238,4.0
4239,3.0
4240,3.0
4241,3.0
4242,4.0
4243,4.0
4244,3.0
4245,4.0
4246,4.0
4247,4.0
4248,3.0
4249,4.0
4250,3.0
4251,3.0
4252,4.0
4253,3.0
4254,4.0
4255,4.0
4256,4.0
4257,4.0
4258,3.0
4259,3.0
4260,3.0
4261,3.0
4262,3.0
4263,3.0
4264,4.0
4265,3.0
4266,4.0
4267,4.0
4268,4.0
4269,4.0
4270,4.0
4271,4.0
4272,3.0
4273,4.0
4274,4.0
4275,3.0
4276,3.0
4277,3.0
4278,4.0
4279,3.0
4280,4.0
4281,4.0
4282,4.0
4283,3.0
4284,3.0
4285,4.0
4286,4.0
4287,4.0
4288,3.0
4289,3.0
4290,4.0
4291,3.0
4292,3.0
4293,3.0
4294,3.0
4295,4.0
4296,3.0
4297,4.0
4298,3.0
4299,3.0
4300,4.0
4301,3.0
4302,3.0
4303,3.0
4304,4.0
4305,3.0
4306,4.0
4307,3.0
4308,3.0
4309,4.0
4310,4.0
4311,4.0
4312,4.0
4313,3.0
4314,4.0
4315,3.0
4316,4.0
4317,4.0
4318,3.0
4319,4.0
4320,3.0
4321,4.0
4322,4.0
4323,3.0
4324,4.0
4325,4.0
4326,3.0
4327,3.0
4328,4.0
4329,3.0
4330,4.0
4331,4.0
4332,3.0
4333,4.0
4334,4.0
4335,4.0
4336,4.0
4337,3.0
4338,3.0
4339,4.0
4340,4.0
4341,4.0
4342,4.0
4343,4.0
4344,4.0
4345,4.0
4346,3.0
4347,3.0
4348,3.0
4349,4.0
4350,4.0
4351,3.0
4352,3.0
4353,4.0
4354,4.0
4355,4.0
4356,4.0
4357,3.0
4358,3.0
4359,3.0
4360,3.0
4361,3.0
4362,4.0
4363,3.0
4364,4.0
4365,4.0
4366,3.0
4367,4.0
4368,4.0
4369,3.0
4370,3.0
4371,4.0
4372,4.0
4373,3.0
4374,3.0
4375,4.0
4376,3.0
4377,4.0
4378,4.0
4379,3.0
4380,4.0
4381,3.0
4382,3.0
4383,4.0
4384,4.0
4385,4.0
4386,4.0
4387,4.0
4388,3.0
4389,4.0
4390,3.0
4391,3.0
4392,4.0
4393,4.0
4394,3.0
4395,4.0
4396,4.0
4397,4.0
4398,3.0
4399,3.0
4400,4.0
4401,4.0
4402,4.0
4403,4.0
4404,3.0
4405,4.0
4406,3.0
4407,4.0
4408,4.0
4409,3.0
4410,4.0
4411,4.0
4412,5.0
4413,3.0
4414,4.0
4415,3.0
4416,3.0
4417,3.0
4418,4.0
4419,3.0
4420,4.0
4421,3.0
4422,4.0
4423,3.0
4424,3.0
4425,3.0
4426,4.0
4427,3.0
4428,4.0
4429,4.0
4430,3.0
4431,3.0
4432,3.0
4433,4.0
4434,3.0
4435,4.0
4436,4.0
4437,3.0
4438,3.0
4439,4.0
4440,3.0
4441,4.0
4442,3.0
4443,4.0
4444,3.0
4445,4.0
4446,4.0
4447,3.0
4448,3.0
4449,4.0
4450,4.0
4451,4.0
4452,3.0
4453,3.0
4454,3.0
4455,3.0
4456,4.0
4457,4.0
4458,4.0
4459,3.0
4460,4.0
4461,3.0
4462,4.0
4463,4.0
4464,4.0
4465,4.0
4466,4.0
4467,3.0
4468,3.0
4469,4.0
4470,4.0
4471,3.0
4472,3.0
4473,4.0
4474,3.0
4475,4.0
4476,4.0
4477,3.0
4478,3.0
4479,4.0
4480,4.0
4481,3.0
4482,4.0
4483,3.0
4484,4.0
4485,3.0
4486,4.0
4487,4.0
4488,3.0
4489,3.0
4490,3.0
4491,3.0
4492,4.0
4493,4.0
4494,3.0
4495,3.0
4496,3.0
4497,4.0
4498,4.0
4499,3.0
4500,3.0
4501,4.0
4502,3.0
4503,4.0
4504,3.0
4505,4.0
4506,4.0
4507,4.0
4508,3.0
4509,3.0
4510,4.0
4511,3.0
4512,3.0
4513,4.0
4514,4.0
4515,3.0
4516,3.0
4517,3.0
4518,4.0
4519,4.0
4520,4.0
4521,3.0
4522,3.0
4523,3.0
4524,3.0
4525,3.0
4526,4.0
4527,4.0
4528,4.0
4529,4.0
4530,3.0
4531,3.0
4532,4.0
4533,4.0
4534,4.0
4535,4.0
4536,4.0
4537,3.0
4538,3.0
4539,4.0
4540,4.0
4541,3.0
4542,3.0
4543,3.0
4544,4.0
4545,4.0
4546,3.0
4547,4.0
4548,3.0
4549,3.0
4550,4.0
4551,4.0
4552,4.0
4553,3.0
4554,3.0
4555,4.0
4556,4.0
4557,4.0
4558,4.0
4559,3.0
4560,4.0
4561,3.0
4562,4.0
4563,4.0
4564,4.0
4565,4.0
4566,3.0
4567,3.0
4568,3.0
4569,4.0
4570,3.0
4571,4.0
4572,4.0
4573,3.0
4574,4.0
4575,3.0
4576,3.0
4577,4.0
4578,3.0
4579,4.0
4580,3.0
4581,4.0
4582,4.0
4583,4.0
4584,4.0
4585,3.0
4586,4.0
4587,4.0
4588,3.0
4589,3.0
4590,4.0
4591,4.0
4592,4.0
4593,4.0
4594,4.0
4595,3.0
4596,4.0
4597,4.0
4598,4.0
4599,3.0
4600,3.0
4601,3.0
4602,3.0
4603,3.0
4604,3.0
4605,4.0
4606,3.0
4607,4.0
4608,3.0
4609,3.0
4610,3.0
4611,4.0
4612,4.0
4613,4.0
4614,4.0
4615,4.0
4616,3.0
4617,4.0
4618,3.0
4619,3.0
4620,4.0
4621,4.0
4622,4.0
4623,4.0
4624,4.0
4625,4.0
4626,4.0
4627,4.0
4628,4.0
4629,4.0
4630,3.0
4631,3.0
4632,3.0
4633,3.0
4634,3.0
4635,3.0
4636,3.0
4637,4.0
4638,4.0
4639,3.0
4640,4.0
4641,4.0
4642,3.0
4643,3.0
4644,4.0
4645,4.0
4646,4.0
4647,3.0
4648,4.0
4649,3.0
4650,3.0
4651,3.0
4652,4.0
4653,4.0
4654,4.0
4655,3.0
4656,3.0
4657,3.0
4658,3.0
4659,4.0
4660,4.0
4661,4.0
4662,3.0
4663,4.0
4664,3.0
4665,4.0
4666,3.0
4667,4.0
4668,3.0
4669,4.0
4670,4.0
4671,4.0
4672,4.0
4673,3.0
4674,4.0
4675,3.0
4676,5.0
4677,3.0
4678,4.0
4679,3.0
4680,3.0
4681,4.0
4682,4.0
4683,4.0
4684,3.0
4685,4.0
4686,4.0
4687,4.0
4688,4.0
4689,3.0
4690,4.0
4691,3.0
4692,3.0
4693,4.0
4694,4.0
4695,4.0
4696,3.0
4697,4.0
4698,4.0
4699,4.0
4700,4.0
4701,3.0
4702,4.0
4703,4.0
4704,4.0
4705,4.0
4706,3.0
4707,4.0
4708,3.0
4709,4.0
4710,4.0
4711,4.0
4712,3.0
4713,3.0
4714,3.0
4715,3.0
4716,4.0
4717,4.0
4718,3.0
4719,4.0
4720,4.0
4721,4.0
4722,3.0
4723,4.0
4724,3.0
4725,4.0
4726,4.0
4727,3.0
4728,3.0
4729,3.0
4730,3.0
4731,4.0
4732,4.0
4733,4.0
4734,3.0
4735,4.0
4736,3.0
4737,4.0
4738,4.0
4739,4.0
4740,4.0
4741,4.0
4742,4.0
4743,4.0
4744,3.0
4745,4.0
4746,4.0
4747,4.0
4748,3.0
4749,3.0
4750,4.0
4751,4.0
4752,4.0
4753,3.0
4754,3.0
4755,4.0
4756,3.0
4757,3.0
4758,3.0
4759,4.0
4760,4.0
4761,3.0
4762,4.0
4763,4.0
4764,3.0
4765,4.0
4766,3.0
4767,4.0
4768,4.0
4769,3.0
4770,3.0
4771,4.0
4772,3.0
4773,4.0
4774,4.0
4775,3.0
4776,3.0
4777,3.0
4778,4.0
4779,4.0
4780,4.0
4781,4.0
4782,3.0
4783,4.0
4784,3.0
4785,3.0
4786,3.0
4787,3.0
4788,3.0
4789,4.0
4790,4.0
4791,4.0
4792,4.0
4793,4.0
4794,3.0
4795,4.0
4796,4.0
4797,4.0
4798,3.0
4799,3.0
4800,3.0
4801,4.0
4802,4.0
4803,3.0
4804,4.0
4805,3.0
4806,3.0
4807,4.0
4808,3.0
4809,4.0
4810,3.0
4811,4.0
4812,4.0
4813,3.0
4814,4.0
4815,4.0
4816,4.0
4817,3.0
4818,4.0
4819,3.0
4820,4.0
4821,4.0
4822,3.0
4823,3.0
4824,3.0
4825,3.0
4826,4.0
4827,4.0
4828,4.0
4829,4.0
4830,4.0
4831,4.0
4832,4.0
4833,4.0
4834,3.0
4835,4.0
4836,3.0
4837,4.0
4838,4.0
4839,3.0
4840,5.0
4841,4.0
4842,3.0
4843,3.0
4844,4.0
4845,4.0
4846,4.0
4847,4.0
4848,3.0
4849,4.0
4850,3.0
4851,3.0
4852,4.0
4853,3.0
4854,3.0
4855,4.0
4856,3.0
4857,4.0
4858,3.0
4859,3.0
4860,4.0
4861,3.0
4862,4.0
4863,3.0
4864,3.0
4865,3.0
4866,4.0
4867,4.0
4868,4.0
4869,4.0
4870,4.0
4871,3.0
4872,3.0
4873,3.0
4874,4.0
4875,4.0
4876,4.0
4877,4.0
4878,3.0
4879,3.0
4880,4.0
4881,3.0
4882,4.0
4883,4.0
4884,3.0
4885,4.0
4886,4.0
4887,4.0
4888,4.0
4889,4.0
4890,3.0
4891,3.0
4892,4.0
4893,3.0
4894,4.0
4895,4.0
4896,3.0
4897,4.0
4898,4.0
4899,4.0
4900,4.0
4901,3.0
4902,3.0
4903,4.0
4904,3.0
4905,4.0
4906,4.0
4907,4.0
4908,4.0
4909,4.0
4910,3.0
4911,4.0
4912,4.0
4913,4.0
4914,3.0
4915,4.0
4916,4.0
4917,3.0
4918,4.0
4919,3.0
4920,4.0
4921,3.0
4922,3.0
4923,4.0
4924,4.0
4925,4.0
4926,4.0
4927,3.0
4928,4.0
4929,3.0
4930,3.0
4931,3.0
4932,4.0
4933,3.0
4934,4.0
4935,3.0
4936,3.0
4937,4.0
4938,3.0
4939,4.0
4940,4.0
4941,3.0
4942,4.0
4943,3.0
4944,3.0
4945,4.0
4946,4.0
4947,4.0
4948,3.0
4949,3.0
4950,3.0
4951,4.0
4952,3.0
4953,4.0
4954,3.0
4955,3.0
4956,4.0
4957,4.0
4958,3.0
4959,4.0
4960,3.0
4961,4.0
4962,3.0
4963,4.0
4964,4.0
4965,4.0
4966,4.0
4967,3.0
4968,3.0
4969,4.0
4970,3.0
4971,4.0
4972,3.0
4973,4.0
4974,3.0
4975,4.0
4976,4.0
4977,4.0
4978,4.0
4979,3.0
4980,4.0
4981,3.0
4982,4.0
4983,3.0
4984,4.0
4985,3.0
4986,4.0
4987,4.0
4988,4.0
4989,3.0
4990,3.0
4991,4.0
4992,3.0
4993,4.0
4994,4.0
4995,4.0
4996,4.0
4997,4.0
4998,4.0
4999,4.0
5000,4.0
5001,4.0
5002,4.0
5003,4.0
5004,4.0
5005,4.0
5006,4.0
5007,4.0
5008,3.0
5009,4.0
5010,4.0
5011,4.0
5012,3.0
5013,4.0
5014,4.0
5015,4.0
5016,3.0
5017,3.0
5018,4.0
5019,4.0
5020,4.0
5021,4.0
5022,3.0
5023,4.0
5024,3.0
5025,3.0
5026,3.0
5027,3.0
5028,3.0
5029,4.0
5030,4.0
5031,3.0
5032,3.0
5033,3.0
5034,4.0
5035,3.0
5036,4.0
5037,4.0
5038,4.0
5039,4.0
5040,3.0
5041,4.0
5042,4.0
5043,4.0
5044,3.0
5045,3.0
5046,3.0
5047,3.0
5048,3.0
5049,4.0
5050,4.0
5051,4.0
5052,4.0
5053,4.0
5054,3.0
5055,4.0
5056,3.0
5057,4.0
5058,4.0
5059,3.0
5060,3.0
5061,4.0
5062,4.0
5063,4.0
5064,4.0
5065,4.0
5066,4.0
5067,4.0
5068,4.0
5069,4.0
5070,4.0
5071,3.0
5072,3.0
5073,3.0
5074,3.0
5075,3.0
5076,3.0
5077,4.0
5078,3.0
5079,4.0
5080,4.0
5081,4.0
5082,4.0
5083,4.0
5084,3.0
5085,3.0
5086,3.0
5087,3.0
5088,4.0
5089,3.0
5090,4.0
5091,3.0
5092,4.0
5093,3.0
5094,4.0
5095,3.0
5096,4.0
5097,3.0
5098,3.0
5099,3.0
5100,4.0
5101,3.0
5102,4.0
5103,4.0
5104,4.0
5105,3.0
5106,3.0
5107,3.0
5108,3.0
5109,4.0
5110,4.0
5111,3.0
5112,4.0
5113,3.0
5114,4.0
5115,4.0
5116,3.0
5117,4.0
5118,3.0
5119,4.0
5120,4.0
5121,3.0
5122,4.0
5123,4.0
5124,3.0
5125,4.0
5126,3.0
5127,4.0
5128,4.0
5129,4.0
5130,4.0
5131,3.0
5132,3.0
5133,4.0
5134,3.0
5135,4.0
5136,3.0
5137,3.0
5138,3.0
5139,4.0
5140,3.0
5141,3.0
5142,3.0
5143,3.0
5144,3.0
5145,3.0
5146,4.0
5147,4.0
5148,4.0
5149,3.0
5150,3.0
5151,4.0
5152,4.0
5153,3.0
5154,4.0
5155,4.0
5156,3.0
5157,3.0
5158,3.0
5159,4.0
5160,3.0
5161,3.0
5162,4.0
5163,4.0
5164,4.0
5165,4.0
5166,3.0
5167,3.0
5168,4.0
5169,4.0
5170,4.0
5171,4.0
5172,4.0
5173,4.0
5174,3.0
5175,4.0
5176,3.0
5177,4.0
5178,4.0
5179,4.0
5180,3.0
5181,4.0
5182,3.0
5183,3.0
5184,4.0
5185,4.0
5186,4.0
5187,3.0
5188,3.0
5189,3.0
5190,4.0
5191,4.0
5192,4.0
5193,3.0
5194,4.0
5195,4.0
5196,3.0
5197,3.0
5198,3.0
5199,4.0
5200,3.0
5201,4.0
5202,4.0
5203,4.0
5204,4.0
5205,3.0
5206,4.0
5207,4.0
5208,3.0
5209,4.0
5210,3.0
5211,4.0
5212,3.0
5213,3.0
5214,4.0
5215,3.0
5216,3.0
5217,4.0
5218,4.0
5219,4.0
5220,4.0
5221,4.0
5222,4.0
5223,4.0
5224,4.0
5225,3.0
5226,4.0
5227,3.0
5228,3.0
5229,3.0
5230,4.0
5231,4.0
5232,3.0
5233,3.0
5234,4.0
5235,4.0
5236,3.0
5237,4.0
5238,4.0
5239,3.0
5240,4.0
5241,3.0
5242,3.0
5243,3.0
5244,3.0
5245,4.0
5246,3.0
5247,4.0
5248,3.0
5249,4.0
5250,3.0
5251,4.0
5252,4.0
5253,3.0
5254,4.0
5255,4.0
5256,4.0
5257,4.0
5258,4.0
5259,4.0
5260,4.0
5261,4.0
5262,3.0
5263,4.0
5264,4.0
5265,3.0
5266,4.0
5267,3.0
5268,3.0
5269,3.0
5270,4.0
5271,4.0
5272,3.0
5273,4.0
5274,3.0
5275,4.0
5276,4.0
5277,3.0
5278,3.0
5279,4.0
5280,3.0
5281,3.0
5282,4.0
5283,4.0
5284,3.0
5285,3.0
5286,4.0
5287,3.0
5288,4.0
5289,4.0
5290,3.0
5291,4.0
5292,4.0
5293,4.0
5294,3.0
5295,4.0
5296,4.0
5297,4.0
5298,4.0
5299,3.0
5300,4.0
5301,4.0
5302,3.0
5303,3.0
5304,3.0
5305,4.0
5306,3.0
5307,4.0
5308,4.0
5309,4.0
5310,4.0
5311,3.0
5312,3.0
5313,3.0
5314,4.0
5315,3.0
5316,4.0
5317,4.0
5318,3.0
5319,4.0
5320,4.0
5321,4.0
5322,4.0
5323,3.0
5324,3.0
5325,4.0
5326,4.0
5327,3.0
5328,4.0
5329,4.0
5330,4.0
5331,4.0
5332,3.0
5333,3.0
5334,4.0
5335,4.0
5336,4.0
5337,4.0
5338,3.0
5339,4.0
5340,4.0
5341,4.0
5342,4.0
5343,4.0
5344,4.0
5345,4.0
5346,3.0
5347,4.0
5348,3.0
5349,3.0
5350,4.0
5351,4.0
5352,3.0
5353,3.0
5354,3.0
5355,3.0
5356,4.0
5357,4.0
5358,4.0
5359,3.0
5360,3.0
5361,3.0
5362,3.0
5363,4.0
5364,3.0
5365,4.0
5366,4.0
5367,3.0
5368,3.0
5369,4.0
5370,3.0
5371,3.0
5372,3.0
5373,4.0
5374,3.0
5375,4.0
5376,3.0
5377,3.0
5378,4.0
5379,3.0
5380,4.0
5381,4.0
5382,3.0
5383,4.0
5384,4.0
5385,3.0
5386,4.0
5387,3.0
5388,3.0
5389,4.0
5390,4.0
5391,3.0
5392,4.0
5393,3.0
5394,4.0
5395,4.0
5396,3.0
5397,3.0
5398,3.0
5399,4.0
5400,3.0
5401,4.0
5402,4.0
5403,4.0
5404,3.0
5405,3.0
5406,4.0
5407,4.0
5408,4.0
5409,4.0
5410,4.0
5411,3.0
5412,3.0
5413,4.0
5414,4.0
5415,3.0
5416,4.0
5417,4.0
5418,3.0
5419,4.0
5420,3.0
5421,3.0
5422,4.0
5423,3.0
5424,4.0
5425,4.0
5426,3.0
5427,3.0
5428,4.0
5429,4.0
5430,4.0
5431,4.0
5432,4.0
5433,3.0
5434,4.0
5435,3.0
5436,3.0
5437,3.0
5438,3.0
5439,4.0
5440,4.0
5441,3.0
5442,4.0
5443,4.0
5444,4.0
5445,4.0
5446,3.0
5447,4.0
5448,3.0
5449,3.0
5450,3.0
5451,3.0
5452,4.0
5453,4.0
5454,3.0
5455,3.0
5456,3.0
5457,4.0
5458,3.0
5459,4.0
5460,3.0
5461,4.0
5462,4.0
5463,3.0
5464,4.0
5465,3.0
5466,4.0
5467,3.0
5468,3.0
5469,4.0
5470,4.0
5471,4.0
5472,4.0
5473,3.0
5474,3.0
5475,4.0
5476,3.0
5477,4.0
5478,3.0
5479,4.0
5480,3.0
5481,3.0
5482,3.0
5483,3.0
5484,3.0
5485,3.0
5486,4.0
5487,3.0
5488,4.0
5489,4.0
5490,3.0
5491,3.0
5492,4.0
5493,3.0
5494,3.0
5495,4.0
5496,3.0
5497,3.0
5498,3.0
5499,3.0
5500,4.0
5501,4.0
5502,4.0
5503,4.0
5504,3.0
5505,3.0
5506,4.0
5507,4.0
5508,3.0
5509,4.0
5510,4.0
5511,4.0
5512,3.0
5513,3.0
5514,4.0
5515,4.0
5516,4.0
5517,4.0
5518,4.0
5519,4.0
5520,4.0
5521,4.0
5522,4.0
5523,4.0
5524,4.0
5525,3.0
5526,4.0
5527,3.0
5528,4.0
5529,3.0
5530,3.0
5531,4.0
5532,3.0
5533,3.0
5534,3.0
5535,3.0
5536,3.0
5537,4.0
5538,3.0
5539,4.0
5540,3.0
5541,4.0
5542,3.0
5543,3.0
5544,3.0
5545,4.0
5546,3.0
5547,4.0
5548,3.0
5549,3.0
5550,3.0
5551,3.0
5552,4.0
5553,4.0
5554,3.0
5555,4.0
5556,3.0
5557,4.0
5558,3.0
5559,4.0
5560,4.0
5561,4.0
5562,3.0
5563,3.0
5564,3.0
5565,3.0
5566,4.0
5567,4.0
5568,4.0
5569,3.0
5570,3.0
5571,3.0
5572,4.0
5573,4.0
5574,3.0
5575,4.0
5576,4.0
5577,4.0
5578,4.0
5579,4.0
5580,3.0
5581,4.0
5582,4.0
5583,3.0
5584,4.0
5585,4.0
5586,4.0
5587,4.0
5588,3.0
5589,3.0
5590,3.0
5591,4.0
5592,4.0
5593,4.0
5594,4.0
5595,3.0
5596,3.0
5597,3.0
5598,4.0
5599,3.0
5600,4.0
5601,4.0
5602,3.0
5603,3.0
5604,3.0
5605,4.0
5606,4.0
5607,4.0
5608,3.0
5609,3.0
5610,4.0
5611,4.0
5612,3.0
5613,3.0
5614,4.0
5615,3.0
5616,4.0
5617,4.0
5618,4.0
5619,3.0
5620,3.0
5621,4.0
5622,4.0
5623,4.0
5624,3.0
5625,3.0
5626,4.0
5627,3.0
5628,3.0
5629,4.0
5630,4.0
5631,4.0
5632,4.0
5633,4.0
5634,3.0
5635,4.0
5636,4.0
5637,4.0
5638,4.0
5639,4.0
5640,4.0
5641,3.0
5642,4.0
5643,4.0
5644,3.0
5645,4.0
5646,4.0
5647,3.0
5648,3.0
5649,4.0
5650,3.0
5651,3.0
5652,3.0
5653,4.0
5654,4.0
5655,3.0
5656,4.0
5657,3.0
5658,3.0
5659,4.0
5660,3.0
5661,4.0
5662,4.0
5663,4.0
5664,3.0
5665,5.0
5666,4.0
5667,4.0
5668,4.0
5669,4.0
5670,4.0
5671,3.0
5672,4.0
5673,4.0
5674,4.0
5675,5.0
5676,3.0
5677,3.0
5678,4.0
5679,3.0
5680,4.0
5681,4.0
5682,4.0
5683,4.0
5684,3.0
5685,4.0
5686,3.0
5687,3.0
5688,4.0
5689,4.0
5690,4.0
5691,3.0
5692,3.0
5693,3.0
5694,4.0
5695,4.0
5696,4.0
5697,3.0
5698,4.0
5699,3.0
5700,4.0
5701,4.0
5702,3.0
5703,4.0
5704,4.0
5705,4.0
5706,4.0
5707,3.0
5708,4.0
5709,4.0
5710,3.0
5711,3.0
5712,4.0
5713,3.0
5714,3.0
5715,3.0
5716,4.0
5717,4.0
5718,4.0
5719,3.0
5720,4.0
5721,4.0
5722,3.0
5723,3.0
5724,4.0
5725,3.0
5726,3.0
5727,4.0
5728,4.0
5729,4.0
5730,4.0
5731,4.0
5732,3.0
5733,4.0
5734,3.0
5735,4.0
5736,4.0
5737,4.0
5738,3.0
5739,4.0
5740,4.0
5741,4.0
5742,3.0
5743,4.0
5744,4.0
5745,3.0
5746,4.0
5747,3.0
5748,3.0
5749,4.0
5750,3.0
5751,4.0
5752,4.0
5753,4.0
5754,4.0
5755,4.0
5756,4.0
5757,3.0
5758,4.0
5759,4.0
5760,3.0
5761,4.0
5762,3.0
5763,4.0
5764,4.0
5765,4.0
5766,4.0
